"variable","source","file","units","time_step","spatial_resolution","crs","start_date","end_date","version","url","download_date","notes"
"Atributos","CAMELS-CL (Alvarez-Garreton et al., 2018)","camels_cl_10362001/catchment_attributes.csv","varias (ver columna 3 archivo)","static","punto (estacion) y cuenca","EPSG:4326 (lat/lon en grados)",NA,NA,"explorador camels.cr2.cl, sin numero de version (descarga 2026-10-07)","https://camels.cr2.cl ; doi:10.1594/PANGAEA.894885",2026-10-07,"Estacion DGA -40.6181, -73.0594; salida CAMELS -40.62208, -73.05986; area 466.7784 km2"
"Cuenca_ref","CAMELS-CL (Alvarez-Garreton et al., 2018)","camels_cl_10362001/polygon/polygon.shp","grados (lat/lon)","static","vectorial","EPSG:4326 (WGS84 geografico, segun .prj)",NA,NA,"explorador camels.cr2.cl, sin numero de version (descarga 2026-10-07)","https://camels.cr2.cl ; doi:10.1594/PANGAEA.894885",2026-10-07,"Hay que proyectar a EPSG:32718 antes de comparar areas"
"P","CAMELS-CL, CR2MET (version anterior a v2.5)","camels_cl_10362001/precip_cr2met_day.csv","mm/day","daily","promedio areal de la cuenca",NA,1979-01-01,2020-04-30,"explorador camels.cr2.cl, sin numero de version (descarga 2026-10-07)","https://camels.cr2.cl ; doi:10.1594/PANGAEA.894885",2026-10-07,"Media areal de la cuenca. _mon = suma mensual (mm/month). Solo para contraste con CR2MET v2.5"
"Tmax","CAMELS-CL, CR2MET (version anterior a v2.5)","camels_cl_10362001/tmax_cr2met_day.csv","degC","daily","promedio areal de la cuenca",NA,1979-01-01,2020-04-30,"explorador camels.cr2.cl, sin numero de version (descarga 2026-10-07)","https://camels.cr2.cl ; doi:10.1594/PANGAEA.894885",2026-10-07,"_mon = media mensual. CAMELS no trae Tmed"
"Tmin","CAMELS-CL, CR2MET (version anterior a v2.5)","camels_cl_10362001/tmin_cr2met_day.csv","degC","daily","promedio areal de la cuenca",NA,1979-01-01,2020-04-30,"explorador camels.cr2.cl, sin numero de version (descarga 2026-10-07)","https://camels.cr2.cl ; doi:10.1594/PANGAEA.894885",2026-10-07,"_mon = media mensual"
"PET","CAMELS-CL, Hargreaves","camels_cl_10362001/pet_hargreaves_day.csv","mm/day","daily","promedio areal de la cuenca",NA,1979-01-01,2020-04-30,"explorador camels.cr2.cl, sin numero de version (descarga 2026-10-07)","https://camels.cr2.cl ; doi:10.1594/PANGAEA.894885",2026-10-07,"_mon = suma mensual (mm/month)"
"Q","CAMELS-CL, registros DGA","camels_cl_10362001/q_m3s_day.csv","m3/s","daily","punto (estacion de salida)",NA,1986-02-01,2019-04-22,"explorador camels.cr2.cl, sin numero de version (descarga 2026-10-07)","https://camels.cr2.cl ; doi:10.1594/PANGAEA.894885",2026-10-07,"11638 de 12134 dias con dato (95.9 %). _mon = media mensual"
"Q_mm","CAMELS-CL, registros DGA","camels_cl_10362001/q_mm_day.csv","mm/day","daily","lamina sobre el area de la cuenca",NA,1986-02-01,2019-04-22,"explorador camels.cr2.cl, sin numero de version (descarga 2026-10-07)","https://camels.cr2.cl ; doi:10.1594/PANGAEA.894885",2026-10-07,"Caudal como lamina sobre la cuenca. _mon = suma mensual (mm/month)"
"Derechos_sup","CAMELS-CL (Barria et al., 2021)","camels_cl_10362001/cons_sf_wr_year.csv","L/s","annual","suma dentro de la cuenca",NA,1891-01-01,2021-01-01,"explorador camels.cr2.cl, sin numero de version (descarga 2026-10-07)","https://camels.cr2.cl ; doi:10.1525/elementa.2020.00131",2026-10-07,"Derechos consuntivos superficiales acumulados: 1100.66 L/s en 2021"
"Derechos_sub","CAMELS-CL (Barria et al., 2021)","camels_cl_10362001/cons_gw_wr_year.csv","L/s","annual","suma dentro de la cuenca",NA,1891-01-01,2021-01-01,"explorador camels.cr2.cl, sin numero de version (descarga 2026-10-07)","https://camels.cr2.cl ; doi:10.1525/elementa.2020.00131",2026-10-07,"Derechos consuntivos subterraneos acumulados: 1411.48 L/s en 2021"
